season,league,position,team,points,games_played,wins,draws,losses,goals_scored,goals_conceded,goal_diff,xg,xga,xg_diff
2015/16,Premier League,1,Leicester,81,38,23,12,3,68,36,32,68.42,45.02,23.4
2015/16,Premier League,2,Arsenal,71,38,20,11,7,65,36,29,73.53,33.86,39.67
2015/16,Premier League,3,Tottenham,70,38,19,13,6,69,35,34,63.42,37.08,26.34
2015/16,Premier League,4,Manchester City,66,38,19,9,10,71,41,30,66.2,37.47,28.73
2015/16,Premier League,5,Manchester United,66,38,19,9,10,49,35,14,45.42,39.66,5.77
2015/16,Premier League,6,Southampton,63,38,18,9,11,59,41,18,56.2,44.29,11.91
2015/16,Premier League,7,West Ham,62,38,16,14,8,65,51,14,54.4,55.48,-1.08
2015/16,Premier League,8,Liverpool,60,38,16,12,10,63,50,13,54.37,37.88,16.48
2015/16,Premier League,9,Stoke,51,38,14,9,15,41,55,-14,42.63,54.35,-11.72
2015/16,Premier League,10,Chelsea,50,38,12,14,12,59,53,6,54.48,44.63,9.85
2015/16,Premier League,11,Everton,47,38,11,14,13,59,55,4,53.98,54.75,-0.77
2015/16,Premier League,12,Swansea,47,38,12,11,15,42,52,-10,39.96,53.63,-13.68
2015/16,Premier League,13,Watford,45,38,12,9,17,40,50,-10,43.2,51.85,-8.65
2015/16,Premier League,14,West Bromwich Albion,43,38,10,13,15,34,48,-14,39.75,51.94,-12.18
2015/16,Premier League,15,Crystal Palace,42,38,11,9,18,39,51,-12,42.51,52.94,-10.43
2015/16,Premier League,16,Bournemouth,42,38,11,9,18,45,67,-22,38.71,53.97,-15.26
2015/16,Premier League,17,Sunderland,39,38,9,12,17,48,62,-14,40.52,58.85,-18.33
2015/16,Premier League,18,Newcastle United,37,38,9,10,19,44,65,-21,37.61,55.42,-17.82
2015/16,Premier League,19,Norwich,34,38,9,7,22,39,67,-28,39.19,58.93,-19.74
2015/16,Premier League,20,Aston Villa,17,38,3,8,27,27,76,-49,26.53,59.01,-32.48
2016/17,Premier League,1,Chelsea,93,38,30,3,5,85,33,52,61.8,28.62,33.18
2016/17,Premier League,2,Tottenham,86,38,26,8,4,86,26,60,70.07,33.78,36.28
2016/17,Premier League,3,Manchester City,78,38,23,9,6,80,39,41,79.85,29.61,50.24
2016/17,Premier League,4,Liverpool,76,38,22,10,6,78,42,36,66.63,37.65,28.98
2016/17,Premier League,5,Arsenal,75,38,23,6,9,77,44,33,63.58,47.07,16.51
2016/17,Premier League,6,Manchester United,69,38,18,15,5,54,29,25,57.57,31.62,25.95
2016/17,Premier League,7,Everton,61,38,17,10,11,62,44,18,49.63,45.78,3.85
2016/17,Premier League,8,Southampton,46,38,12,10,16,41,48,-7,49.98,43.08,6.9
2016/17,Premier League,9,Bournemouth,46,38,12,10,16,55,67,-12,50.02,62.99,-12.98
2016/17,Premier League,10,West Bromwich Albion,45,38,12,9,17,43,51,-8,38.21,47.9,-9.69
2016/17,Premier League,11,West Ham,45,38,12,9,17,47,64,-17,48.25,59.67,-11.43
2016/17,Premier League,12,Leicester,44,38,12,8,18,48,63,-15,44.34,51.3,-6.96
2016/17,Premier League,13,Stoke,44,38,11,11,16,41,56,-15,47.87,48.67,-0.79
2016/17,Premier League,14,Crystal Palace,41,38,12,5,21,50,63,-13,45.4,50.03,-4.63
2016/17,Premier League,15,Swansea,41,38,12,5,21,45,70,-25,39.5,65.13,-25.63
2016/17,Premier League,16,Burnley,40,38,11,7,20,39,55,-16,35.59,55.27,-19.68
2016/17,Premier League,17,Watford,40,38,11,7,20,40,68,-28,36.25,52.62,-16.36
2016/17,Premier League,18,Hull,34,38,9,7,22,37,80,-43,33.84,71.77,-37.93
2016/17,Premier League,19,Middlesbrough,28,38,5,13,20,27,53,-26,30.93,55.3,-24.37
2016/17,Premier League,20,Sunderland,24,38,6,6,26,29,69,-40,34.22,65.66,-31.44
2017/18,Premier League,1,Manchester City,100,38,32,4,2,106,27,79,91.43,24.51,66.92
2017/18,Premier League,2,Manchester United,81,38,25,6,7,68,28,40,59.04,43.54,15.5
2017/18,Premier League,3,Tottenham,77,38,23,8,7,74,36,38,68.91,35.86,33.05
2017/18,Premier League,4,Liverpool,75,38,21,12,5,84,38,46,77.49,35.75,41.73
2017/18,Premier League,5,Chelsea,70,38,21,7,10,62,38,24,59.16,34.03,25.13
2017/18,Premier League,6,Arsenal,63,38,19,6,13,74,51,23,72.27,48.75,23.52
2017/18,Premier League,7,Burnley,54,38,14,12,12,36,39,-3,32.77,52.16,-19.39
2017/18,Premier League,8,Everton,49,38,13,10,15,44,58,-14,43.71,55.5,-11.79
2017/18,Premier League,9,Leicester,47,38,12,11,15,56,60,-4,50.29,49.36,0.93
2017/18,Premier League,10,Newcastle United,44,38,12,8,18,39,47,-8,44.63,52.47,-7.85
2017/18,Premier League,11,Crystal Palace,44,38,11,11,16,45,55,-10,56.75,53.54,3.21
2017/18,Premier League,12,Bournemouth,44,38,11,11,16,45,61,-16,39.99,64.93,-24.94
2017/18,Premier League,13,West Ham,42,38,10,12,16,48,68,-20,36.8,58.37,-21.57
2017/18,Premier League,14,Watford,41,38,11,8,19,44,64,-20,45.85,53.98,-8.13
2017/18,Premier League,15,Brighton,40,38,9,13,16,34,54,-20,37.21,53.08,-15.87
2017/18,Premier League,16,Huddersfield,37,38,9,10,19,28,58,-30,32.13,53.22,-21.08
2017/18,Premier League,17,Southampton,36,38,7,15,16,37,56,-19,41.88,46.56,-4.68
2017/18,Premier League,18,Swansea,33,38,8,9,21,28,56,-28,29.71,61.83,-32.12
2017/18,Premier League,19,Stoke,33,38,7,12,19,35,68,-33,36.75,65.54,-28.79
2017/18,Premier League,20,West Bromwich Albion,31,38,6,13,19,31,56,-25,35.18,48.99,-13.81
2018/19,Premier League,1,Manchester City,98,38,32,2,4,95,23,72,93.72,25.73,67.99
2018/19,Premier League,2,Liverpool,97,38,30,7,1,89,22,67,79.46,29.15,50.31
2018/19,Premier League,3,Chelsea,72,38,21,9,8,63,39,24,63.97,38.11,25.86
2018/19,Premier League,4,Tottenham,71,38,23,2,13,67,39,28,61.75,49.15,12.6
2018/19,Premier League,5,Arsenal,70,38,21,7,10,73,51,22,64.8,57.3,7.5
2018/19,Premier League,6,Manchester United,66,38,19,9,10,65,54,11,68.62,52.3,16.32
2018/19,Premier League,7,Wolverhampton Wanderers,57,38,16,9,13,47,46,1,53.06,42.69,10.37
2018/19,Premier League,8,Everton,54,38,15,9,14,54,46,8,53.87,49.31,4.56
2018/19,Premier League,9,Leicester,52,38,15,7,16,51,48,3,52.11,44.64,7.47
2018/19,Premier League,10,West Ham,52,38,15,7,16,52,55,-3,47.96,65.66,-17.7
2018/19,Premier League,11,Watford,50,38,14,8,16,52,59,-7,51.73,63.29,-11.56
2018/19,Premier League,12,Crystal Palace,49,38,14,7,17,51,53,-2,50.64,52.8,-2.16
2018/19,Premier League,13,Newcastle United,45,38,12,9,17,42,48,-6,39.91,57.55,-17.63
2018/19,Premier League,14,Bournemouth,45,38,13,6,19,56,70,-14,58.81,62.42,-3.61
2018/19,Premier League,15,Burnley,40,38,11,7,20,45,68,-23,44.74,66.12,-21.38
2018/19,Premier League,16,Southampton,39,38,9,12,17,45,65,-20,49.67,59.27,-9.6
2018/19,Premier League,17,Brighton,36,38,9,9,20,35,60,-25,37.03,62.46,-25.43
2018/19,Premier League,18,Cardiff,34,38,10,4,24,34,69,-35,41.77,66.5,-24.73
2018/19,Premier League,19,Fulham,26,38,7,5,26,34,81,-47,42.62,73.59,-30.96
2018/19,Premier League,20,Huddersfield,16,38,3,7,28,22,76,-54,29.0,67.19,-38.19
2019/20,Premier League,1,Liverpool,99,38,32,3,3,85,33,52,75.19,39.57,35.62
2019/20,Premier League,2,Manchester City,81,38,26,3,9,102,35,67,102.21,37.0,65.21
2019/20,Premier League,3,Manchester United,66,38,18,12,8,66,36,30,66.19,38.06,28.13
2019/20,Premier League,4,Chelsea,66,38,20,6,12,69,54,15,76.23,41.09,35.14
2019/20,Premier League,5,Leicester,62,38,18,8,12,67,41,26,61.02,47.89,13.12
2019/20,Premier League,6,Tottenham,59,38,16,11,11,61,47,14,49.02,54.13,-5.11
2019/20,Premier League,7,Wolverhampton Wanderers,59,38,15,14,9,51,40,11,54.22,37.39,16.83
2019/20,Premier League,8,Arsenal,56,38,14,14,10,56,48,8,50.82,57.25,-6.43
2019/20,Premier League,9,Sheffield United,54,38,14,12,12,39,39,0,45.81,52.04,-6.23
2019/20,Premier League,10,Burnley,54,38,15,9,14,43,50,-7,49.35,53.84,-4.49
2019/20,Premier League,11,Southampton,52,38,15,7,16,51,60,-9,56.5,56.59,-0.1
2019/20,Premier League,12,Everton,49,38,13,10,15,44,56,-12,53.71,49.21,4.5
2019/20,Premier League,13,Newcastle United,44,38,11,11,16,38,58,-20,36.49,67.03,-30.54
2019/20,Premier League,14,Crystal Palace,43,38,11,10,17,31,50,-19,34.45,57.39,-22.94
2019/20,Premier League,15,Brighton,41,38,9,14,15,39,54,-15,47.42,60.42,-12.99
2019/20,Premier League,16,West Ham,39,38,10,9,19,49,62,-13,49.07,68.32,-19.25
2019/20,Premier League,17,Aston Villa,35,38,9,8,21,41,67,-26,45.09,71.6,-26.51
2019/20,Premier League,18,Bournemouth,34,38,9,7,22,40,65,-25,44.67,63.29,-18.62
2019/20,Premier League,19,Watford,34,38,8,10,20,36,64,-28,48.56,59.53,-10.97
2019/20,Premier League,20,Norwich,21,38,5,6,27,26,75,-49,37.23,71.61,-34.37
2020/21,Premier League,1,Manchester City,86,38,27,5,6,83,32,51,77.72,30.61,47.1
2020/21,Premier League,2,Manchester United,74,38,21,11,6,73,44,29,63.17,41.92,21.25
2020/21,Premier League,3,Liverpool,69,38,20,9,9,68,42,26,72.21,47.3,24.9
2020/21,Premier League,4,Chelsea,67,38,19,10,9,58,36,22,68.66,30.9,37.75
2020/21,Premier League,5,Leicester,66,38,20,6,12,68,50,18,58.8,47.07,11.74
2020/21,Premier League,6,West Ham,65,38,19,8,11,62,47,15,60.34,49.86,10.48
2020/21,Premier League,7,Tottenham,62,38,18,8,12,68,45,23,56.68,52.55,4.12
2020/21,Premier League,8,Arsenal,61,38,18,7,13,55,39,16,52.25,43.23,9.02
2020/21,Premier League,9,Leeds,59,38,18,5,15,62,54,8,59.26,63.02,-3.76
2020/21,Premier League,10,Everton,59,38,17,8,13,47,48,-1,49.24,50.16,-0.93
2020/21,Premier League,11,Aston Villa,55,38,16,7,15,55,46,9,56.72,53.25,3.46
2020/21,Premier League,12,Newcastle United,45,38,12,9,17,46,62,-16,43.96,60.02,-16.06
2020/21,Premier League,13,Wolverhampton Wanderers,45,38,12,9,17,36,52,-16,38.62,52.19,-13.58
2020/21,Premier League,14,Crystal Palace,44,38,12,8,18,41,66,-25,35.29,61.9,-26.62
2020/21,Premier League,15,Southampton,43,38,12,7,19,47,68,-21,45.28,58.55,-13.26
2020/21,Premier League,16,Brighton,41,38,9,14,15,40,46,-6,53.82,39.91,13.91
2020/21,Premier League,17,Burnley,39,38,10,9,19,33,55,-22,38.13,59.06,-20.93
2020/21,Premier League,18,Fulham,28,38,5,13,20,27,53,-26,41.06,57.64,-16.58
2020/21,Premier League,19,West Bromwich Albion,26,38,5,11,22,35,76,-41,34.97,74.04,-39.07
2020/21,Premier League,20,Sheffield United,23,38,7,2,29,20,63,-43,33.16,66.11,-32.95
2021/22,Premier League,1,Manchester City,93,38,29,6,3,99,26,73,93.4,25.21,68.19
2021/22,Premier League,2,Liverpool,92,38,28,8,2,94,26,68,93.02,32.73,60.29
2021/22,Premier League,3,Chelsea,74,38,21,11,6,76,33,43,69.3,35.12,34.18
2021/22,Premier League,4,Tottenham,71,38,22,5,11,69,40,29,67.95,43.7,24.25
2021/22,Premier League,5,Arsenal,69,38,22,3,13,61,48,13,63.39,48.39,15.0
2021/22,Premier League,6,Manchester United,58,38,16,10,12,57,57,0,57.21,56.85,0.36
2021/22,Premier League,7,West Ham,56,38,16,8,14,60,51,9,54.98,53.88,1.11
2021/22,Premier League,8,Leicester,52,38,14,10,14,62,59,3,49.49,66.11,-16.62
2021/22,Premier League,9,Brighton,51,38,12,15,11,42,44,-2,49.57,47.21,2.36
2021/22,Premier League,10,Wolverhampton Wanderers,51,38,15,6,17,38,43,-5,39.04,58.48,-19.44
2021/22,Premier League,11,Newcastle United,49,38,13,10,15,44,62,-18,41.53,62.71,-21.19
2021/22,Premier League,12,Crystal Palace,48,38,11,15,12,50,46,4,48.84,41.33,7.51
2021/22,Premier League,13,Brentford,46,38,13,7,18,48,56,-8,52.89,49.5,3.39
2021/22,Premier League,14,Aston Villa,45,38,13,6,19,52,54,-2,43.13,53.1,-9.97
2021/22,Premier League,15,Southampton,40,38,9,13,16,43,67,-24,47.35,64.56,-17.21
2021/22,Premier League,16,Everton,39,38,11,6,21,43,66,-23,44.47,60.69,-16.22
2021/22,Premier League,17,Leeds,38,38,9,11,18,42,79,-37,51.19,71.31,-20.12
2021/22,Premier League,18,Burnley,35,38,7,14,17,34,53,-19,41.11,60.22,-19.12
2021/22,Premier League,19,Watford,23,38,6,5,27,34,77,-43,39.34,67.53,-28.19
2021/22,Premier League,20,Norwich,22,38,5,7,26,23,84,-61,31.51,80.08,-48.56
2022/23,Premier League,1,Manchester City,89,38,28,5,5,94,33,61,84.32,34.21,50.11
2022/23,Premier League,2,Arsenal,84,38,26,6,6,88,43,45,76.51,45.16,31.35
2022/23,Premier League,3,Manchester United,75,38,23,6,9,58,43,15,71.9,50.29,21.61
2022/23,Premier League,4,Newcastle United,71,38,19,14,5,68,33,35,76.98,41.86,35.12
2022/23,Premier League,5,Liverpool,67,38,19,10,9,75,47,28,80.77,55.77,25.0
2022/23,Premier League,6,Brighton,62,38,18,8,12,72,53,19,77.72,50.15,27.57
2022/23,Premier League,7,Aston Villa,61,38,18,7,13,51,46,5,50.0,53.96,-3.96
2022/23,Premier League,8,Tottenham,60,38,18,6,14,70,63,7,57.83,51.66,6.17
2022/23,Premier League,9,Brentford,59,38,15,14,9,58,46,12,59.23,51.45,7.77
2022/23,Premier League,10,Fulham,52,38,15,7,16,55,53,2,47.98,71.49,-23.51
2022/23,Premier League,11,Crystal Palace,45,38,11,12,15,40,49,-9,40.72,51.63,-10.9
2022/23,Premier League,12,Chelsea,44,38,11,11,16,38,47,-9,51.89,54.02,-2.13
2022/23,Premier League,13,Wolverhampton Wanderers,41,38,11,8,19,31,58,-27,35.13,62.68,-27.56
2022/23,Premier League,14,West Ham,40,38,11,7,20,42,55,-13,51.21,55.31,-4.1
2022/23,Premier League,15,Bournemouth,39,38,11,6,21,37,71,-34,40.08,67.6,-27.52
2022/23,Premier League,16,Nottingham Forest,38,38,9,11,18,38,68,-30,39.57,68.46,-28.88
2022/23,Premier League,17,Everton,36,38,8,12,18,34,57,-23,48.65,68.58,-19.93
2022/23,Premier League,18,Leicester,34,38,9,7,22,51,68,-17,48.99,59.79,-10.8
2022/23,Premier League,19,Leeds,31,38,7,10,21,48,78,-30,47.8,69.58,-21.79
2022/23,Premier League,20,Southampton,25,38,6,7,25,36,73,-37,39.27,62.9,-23.63
2023/24,Premier League,1,Manchester City,91,38,28,7,3,96,34,62,89.55,37.27,52.28
2023/24,Premier League,2,Arsenal,89,38,28,5,5,91,29,62,84.39,31.78,52.61
2023/24,Premier League,3,Liverpool,82,38,24,10,4,86,41,45,94.79,47.4,47.39
2023/24,Premier League,4,Aston Villa,68,38,20,8,10,76,61,15,67.42,65.08,2.35
2023/24,Premier League,5,Tottenham,66,38,20,6,12,74,61,13,73.35,68.07,5.29
2023/24,Premier League,6,Chelsea,63,38,18,9,11,77,63,14,80.88,62.6,18.28
2023/24,Premier League,7,Newcastle United,60,38,18,6,14,85,62,23,84.48,62.46,22.02
2023/24,Premier League,8,Manchester United,60,38,18,6,14,57,58,-1,60.33,74.76,-14.43
2023/24,Premier League,9,West Ham,52,38,14,10,14,60,74,-14,54.53,77.91,-23.38
2023/24,Premier League,10,Crystal Palace,49,38,13,10,15,57,58,-1,53.94,57.99,-4.06
2023/24,Premier League,11,Brighton,48,38,12,12,14,55,62,-7,61.91,60.94,0.97
2023/24,Premier League,12,Everton,48,38,13,9,16,40,51,-11,60.75,60.26,0.5
2023/24,Premier League,13,Bournemouth,48,38,13,9,16,54,67,-13,63.76,65.51,-1.75
2023/24,Premier League,14,Fulham,47,38,13,8,17,55,61,-6,52.81,66.9,-14.1
2023/24,Premier League,15,Wolverhampton Wanderers,46,38,13,7,18,50,65,-15,50.65,76.11,-25.45
2023/24,Premier League,16,Brentford,39,38,10,9,19,56,65,-9,64.29,60.26,4.03
2023/24,Premier League,17,Nottingham Forest,36,38,9,9,20,49,67,-18,52.16,56.25,-4.09
2023/24,Premier League,18,Luton,26,38,6,8,24,52,85,-33,49.87,91.65,-41.78
2023/24,Premier League,19,Burnley,24,38,5,9,24,41,78,-37,43.44,75.72,-32.28
2023/24,Premier League,20,Sheffield United,16,38,3,7,28,35,104,-69,41.31,85.71,-44.4
2015/16,Bundesliga,1,Bayern Munich,88,34,28,4,2,80,17,63,77.04,20.79,56.25
2015/16,Bundesliga,2,Borussia Dortmund,78,34,24,6,4,82,34,48,83.41,29.18,54.23
2015/16,Bundesliga,3,Bayer Leverkusen,60,34,18,6,10,56,40,16,52.91,41.24,11.67
2015/16,Bundesliga,4,Borussia M.Gladbach,55,34,17,4,13,67,50,17,53.67,49.07,4.6
2015/16,Bundesliga,5,Schalke 04,52,34,15,7,12,51,49,2,47.13,47.88,-0.75
2015/16,Bundesliga,6,Mainz 05,50,34,14,8,12,46,42,4,47.91,47.27,0.65
2015/16,Bundesliga,7,Hertha Berlin,50,34,14,8,12,42,42,0,35.9,43.94,-8.05
2015/16,Bundesliga,8,Wolfsburg,45,34,12,9,13,47,49,-2,49.49,41.62,7.87
2015/16,Bundesliga,9,FC Cologne,43,34,10,13,11,38,42,-4,42.87,44.43,-1.56
2015/16,Bundesliga,10,Hamburger SV,41,34,11,8,15,40,46,-6,38.75,51.19,-12.43
2015/16,Bundesliga,11,Ingolstadt,40,34,10,10,14,33,42,-9,41.02,45.82,-4.8
2015/16,Bundesliga,12,Augsburg,38,34,9,11,14,42,52,-10,42.39,55.65,-13.26
2015/16,Bundesliga,13,Werder Bremen,38,34,10,8,16,50,65,-15,50.12,51.8,-1.68
2015/16,Bundesliga,14,Darmstadt,38,34,9,11,14,38,53,-15,39.03,51.06,-12.03
2015/16,Bundesliga,15,Hoffenheim,37,34,9,10,15,39,54,-15,39.55,60.41,-20.85
2015/16,Bundesliga,16,Eintracht Frankfurt,36,34,9,9,16,34,52,-18,32.95,54.31,-21.36
2015/16,Bundesliga,17,VfB Stuttgart,33,34,9,6,19,50,75,-25,57.7,65.06,-7.36
2015/16,Bundesliga,18,Hannover 96,25,34,7,4,23,31,62,-31,32.43,63.58,-31.15
2016/17,Bundesliga,1,Bayern Munich,82,34,25,7,2,89,22,67,73.91,27.04,46.87
2016/17,Bundesliga,2,RasenBallsport Leipzig,67,34,20,7,7,66,39,27,55.09,40.06,15.03
2016/17,Bundesliga,3,Borussia Dortmund,64,34,18,10,6,72,40,32,74.91,34.61,40.3
2016/17,Bundesliga,4,Hoffenheim,62,34,16,14,4,64,37,27,54.5,41.44,13.06
2016/17,Bundesliga,5,FC Cologne,49,34,12,13,9,51,42,9,45.34,41.27,4.06
2016/17,Bundesliga,6,Hertha Berlin,49,34,15,4,15,43,47,-4,38.15,49.39,-11.24
2016/17,Bundesliga,7,Freiburg,48,34,14,6,14,42,60,-18,39.41,54.62,-15.21
2016/17,Bundesliga,8,Werder Bremen,45,34,13,6,15,61,64,-3,42.99,60.55,-17.55
2016/17,Bundesliga,9,Borussia M.Gladbach,45,34,12,9,13,45,49,-4,45.82,44.44,1.38
2016/17,Bundesliga,10,Schalke 04,43,34,11,10,13,45,40,5,44.86,43.87,0.99
2016/17,Bundesliga,11,Eintracht Frankfurt,42,34,11,9,14,36,43,-7,43.59,38.33,5.26
2016/17,Bundesliga,12,Bayer Leverkusen,41,34,11,8,15,53,55,-2,53.1,50.38,2.72
2016/17,Bundesliga,13,Augsburg,38,34,9,11,14,35,51,-16,33.88,52.26,-18.38
2016/17,Bundesliga,14,Hamburger SV,38,34,10,8,16,33,61,-28,31.91,57.14,-25.23
2016/17,Bundesliga,15,Mainz 05,37,34,10,7,17,44,55,-11,42.36,43.23,-0.87
2016/17,Bundesliga,16,Wolfsburg,37,34,10,7,17,34,52,-18,44.47,46.85,-2.39
2016/17,Bundesliga,17,Ingolstadt,32,34,8,8,18,36,57,-21,44.51,49.19,-4.68
2016/17,Bundesliga,18,Darmstadt,25,34,7,4,23,28,63,-35,33.91,68.04,-34.13
2017/18,Bundesliga,1,Bayern Munich,84,34,27,3,4,92,28,64,76.55,30.64,45.91
2017/18,Bundesliga,2,Schalke 04,63,34,18,9,7,53,37,16,46.83,39.42,7.41
2017/18,Bundesliga,3,Hoffenheim,55,34,15,10,9,66,48,18,50.72,45.2,5.52
2017/18,Bundesliga,4,Borussia Dortmund,55,34,15,10,9,64,47,17,66.1,40.86,25.24
2017/18,Bundesliga,5,Bayer Leverkusen,55,34,15,10,9,58,44,14,56.98,36.92,20.06
2017/18,Bundesliga,6,RasenBallsport Leipzig,53,34,15,8,11,57,53,4,51.42,47.42,4.0
2017/18,Bundesliga,7,VfB Stuttgart,51,34,15,6,13,36,36,0,37.91,39.35,-1.44
2017/18,Bundesliga,8,Eintracht Frankfurt,49,34,14,7,13,45,45,0,41.06,40.91,0.15
2017/18,Bundesliga,9,Borussia M.Gladbach,47,34,13,8,13,47,52,-5,51.25,52.09,-0.84
2017/18,Bundesliga,10,Hertha Berlin,43,34,10,13,11,43,46,-3,38.58,44.71,-6.14
2017/18,Bundesliga,11,Werder Bremen,42,34,10,12,12,37,40,-3,38.51,43.47,-4.96
2017/18,Bundesliga,12,Augsburg,41,34,10,11,13,43,46,-3,42.26,40.82,1.45
2017/18,Bundesliga,13,Hannover 96,39,34,10,9,15,44,54,-10,41.22,54.36,-13.14
2017/18,Bundesliga,14,Mainz 05,36,34,9,9,16,38,52,-14,31.65,45.18,-13.53
2017/18,Bundesliga,15,Freiburg,36,34,8,12,14,32,56,-24,36.98,45.66,-8.68
2017/18,Bundesliga,16,Wolfsburg,33,34,6,15,13,36,48,-12,32.11,49.43,-17.32
2017/18,Bundesliga,17,Hamburger SV,31,34,8,7,19,29,53,-24,36.04,54.06,-18.02
2017/18,Bundesliga,18,FC Cologne,22,34,5,7,22,35,70,-35,41.5,67.17,-25.67
2018/19,Bundesliga,1,Bayern Munich,78,34,24,6,4,88,32,56,92.24,27.41,64.83
2018/19,Bundesliga,2,Borussia Dortmund,76,34,23,7,4,81,44,37,64.99,42.88,22.12
2018/19,Bundesliga,3,RasenBallsport Leipzig,66,34,19,9,6,63,29,34,68.25,39.65,28.59
2018/19,Bundesliga,4,Bayer Leverkusen,58,34,18,4,12,69,52,17,61.49,45.71,15.78
2018/19,Bundesliga,5,Borussia M.Gladbach,55,34,16,7,11,55,42,13,54.93,52.87,2.06
2018/19,Bundesliga,6,Wolfsburg,55,34,16,7,11,62,50,12,49.49,49.84,-0.34
2018/19,Bundesliga,7,Eintracht Frankfurt,54,34,15,9,10,60,48,12,61.84,51.02,10.82
2018/19,Bundesliga,8,Werder Bremen,53,34,14,11,9,58,49,9,49.36,56.71,-7.35
2018/19,Bundesliga,9,Hoffenheim,51,34,13,12,9,70,52,18,79.95,53.29,26.67
2018/19,Bundesliga,10,Fortuna Duesseldorf,44,34,13,5,16,49,65,-16,49.47,63.06,-13.59
2018/19,Bundesliga,11,Hertha Berlin,43,34,11,10,13,49,57,-8,50.52,61.58,-11.06
2018/19,Bundesliga,12,Mainz 05,43,34,12,7,15,46,57,-11,49.21,62.8,-13.59
2018/19,Bundesliga,13,Freiburg,36,34,8,12,14,46,61,-15,41.23,61.43,-20.2
2018/19,Bundesliga,14,Schalke 04,33,34,8,9,17,37,55,-18,46.62,51.94,-5.32
2018/19,Bundesliga,15,Augsburg,32,34,8,8,18,51,71,-20,47.44,63.79,-16.35
2018/19,Bundesliga,16,VfB Stuttgart,28,34,7,7,20,32,70,-38,37.38,62.7,-25.32
2018/19,Bundesliga,17,Hannover 96,21,34,5,6,23,31,71,-40,34.81,73.12,-38.31
2018/19,Bundesliga,18,Nuernberg,19,34,3,10,21,26,68,-42,35.37,54.8,-19.43
2019/20,Bundesliga,1,Bayern Munich,82,34,26,4,4,100,32,68,92.85,36.47,56.38
2019/20,Bundesliga,2,Borussia Dortmund,69,34,21,6,7,84,41,43,64.26,42.02,22.24
2019/20,Bundesliga,3,RasenBallsport Leipzig,66,34,18,12,4,81,37,44,76.13,37.58,38.54
2019/20,Bundesliga,4,Borussia M.Gladbach,65,34,20,5,9,66,40,26,73.58,46.05,27.53
2019/20,Bundesliga,5,Bayer Leverkusen,63,34,19,6,9,61,44,17,61.88,49.68,12.21
2019/20,Bundesliga,6,Hoffenheim,52,34,15,7,12,53,53,0,56.66,58.75,-2.09
2019/20,Bundesliga,7,Wolfsburg,49,34,13,10,11,48,46,2,54.43,41.91,12.53
2019/20,Bundesliga,8,Freiburg,48,34,13,9,12,48,47,1,46.14,63.37,-17.23
2019/20,Bundesliga,9,Eintracht Frankfurt,45,34,13,6,15,59,60,-1,58.33,50.93,7.41
2019/20,Bundesliga,10,Hertha Berlin,41,34,11,8,15,48,59,-11,44.3,55.58,-11.28
2019/20,Bundesliga,11,Union Berlin,41,34,12,5,17,41,58,-17,41.58,54.94,-13.36
2019/20,Bundesliga,12,Schalke 04,39,34,9,12,13,38,58,-20,35.93,54.22,-18.3
2019/20,Bundesliga,13,Mainz 05,37,34,11,4,19,44,65,-21,46.19,62.9,-16.71
2019/20,Bundesliga,14,FC Cologne,36,34,10,6,18,51,69,-18,49.28,54.54,-5.27
2019/20,Bundesliga,15,Augsburg,36,34,9,9,16,45,63,-18,43.86,59.12,-15.26
2019/20,Bundesliga,16,Werder Bremen,31,34,8,7,19,42,69,-27,37.74,56.94,-19.2
2019/20,Bundesliga,17,Fortuna Duesseldorf,30,34,6,12,16,36,67,-31,35.69,64.45,-28.76
2019/20,Bundesliga,18,Paderborn,20,34,4,8,22,37,74,-37,38.47,67.83,-29.37
2020/21,Bundesliga,1,Bayern Munich,78,34,24,6,4,99,44,55,75.93,38.87,37.06
2020/21,Bundesliga,2,RasenBallsport Leipzig,65,34,19,8,7,60,32,28,67.14,29.24,37.91
2020/21,Bundesliga,3,Borussia Dortmund,64,34,20,4,10,75,46,29,68.95,39.44,29.51
2020/21,Bundesliga,4,Wolfsburg,61,34,17,10,7,61,37,24,51.59,39.16,12.43
2020/21,Bundesliga,5,Eintracht Frankfurt,60,34,16,12,6,69,53,16,60.53,47.73,12.79
2020/21,Bundesliga,6,Bayer Leverkusen,52,34,14,10,10,53,39,14,47.28,40.41,6.87
2020/21,Bundesliga,7,Union Berlin,50,34,12,14,8,50,43,7,46.0,43.51,2.49
2020/21,Bundesliga,8,Borussia M.Gladbach,49,34,13,10,11,64,56,8,54.11,44.71,9.4
2020/21,Bundesliga,9,VfB Stuttgart,45,34,12,9,13,56,55,1,52.18,53.79,-1.61
2020/21,Bundesliga,10,Freiburg,45,34,12,9,13,52,52,0,45.11,52.98,-7.86
2020/21,Bundesliga,11,Hoffenheim,43,34,11,10,13,52,54,-2,50.32,52.88,-2.56
2020/21,Bundesliga,12,Mainz 05,39,34,10,9,15,39,56,-17,48.46,52.2,-3.74
2020/21,Bundesliga,13,Augsburg,36,34,10,6,18,36,54,-18,36.01,57.15,-21.13
2020/21,Bundesliga,14,Hertha Berlin,35,34,8,11,15,41,52,-11,40.71,46.69,-5.98
2020/21,Bundesliga,15,Arminia Bielefeld,35,34,9,8,17,26,52,-26,31.14,58.98,-27.84
2020/21,Bundesliga,16,FC Cologne,33,34,8,9,17,34,60,-26,39.64,53.18,-13.54
2020/21,Bundesliga,17,Werder Bremen,31,34,7,10,17,36,57,-21,32.51,53.7,-21.19
2020/21,Bundesliga,18,Schalke 04,16,34,3,7,24,25,86,-61,27.66,70.66,-43.0
2021/22,Bundesliga,1,Bayern Munich,77,34,24,5,5,97,37,60,99.91,38.61,61.3
2021/22,Bundesliga,2,Borussia Dortmund,69,34,22,3,9,85,52,33,65.65,47.67,17.97
2021/22,Bundesliga,3,Bayer Leverkusen,64,34,19,7,8,80,47,33,66.31,45.02,21.3
2021/22,Bundesliga,4,RasenBallsport Leipzig,58,34,17,7,10,72,37,35,67.4,44.38,23.02
2021/22,Bundesliga,5,Union Berlin,57,34,16,9,9,50,44,6,55.2,39.83,15.38
2021/22,Bundesliga,6,Freiburg,55,34,15,10,9,58,46,12,57.73,49.08,8.64
2021/22,Bundesliga,7,FC Cologne,52,34,14,10,10,52,49,3,52.3,53.09,-0.79
2021/22,Bundesliga,8,Mainz 05,46,34,13,7,14,50,45,5,52.08,43.41,8.68
2021/22,Bundesliga,9,Hoffenheim,46,34,13,7,14,58,60,-2,59.77,57.27,2.5
2021/22,Bundesliga,10,Borussia M.Gladbach,45,34,12,9,13,54,61,-7,59.92,60.71,-0.79
2021/22,Bundesliga,11,Eintracht Frankfurt,42,34,10,12,12,45,49,-4,41.65,54.38,-12.73
2021/22,Bundesliga,12,Wolfsburg,42,34,12,6,16,43,54,-11,49.27,53.48,-4.2
2021/22,Bundesliga,13,Bochum,42,34,12,6,16,38,52,-14,44.78,58.18,-13.4
2021/22,Bundesliga,14,Augsburg,38,34,10,8,16,39,56,-17,38.95,65.02,-26.07
2021/22,Bundesliga,15,VfB Stuttgart,33,34,7,12,15,41,59,-18,47.91,55.46,-7.55
2021/22,Bundesliga,16,Hertha Berlin,33,34,9,6,19,37,71,-34,37.89,58.79,-20.9
2021/22,Bundesliga,17,Arminia Bielefeld,28,34,5,13,16,27,53,-26,27.22,69.67,-42.44
2021/22,Bundesliga,18,Greuther Fuerth,18,34,3,9,22,28,82,-54,30.64,60.54,-29.91
2022/23,Bundesliga,1,Bayern Munich,71,34,21,8,5,92,38,54,85.12,37.01,48.11
2022/23,Bundesliga,2,Borussia Dortmund,71,34,22,5,7,83,44,39,76.97,43.23,33.74
2022/23,Bundesliga,3,RasenBallsport Leipzig,66,34,20,6,8,64,41,23,68.84,36.99,31.85
2022/23,Bundesliga,4,Union Berlin,62,34,18,8,8,51,38,13,35.07,42.43,-7.36
2022/23,Bundesliga,5,Freiburg,59,34,17,8,9,51,44,7,50.24,49.66,0.58
2022/23,Bundesliga,6,Bayer Leverkusen,50,34,14,8,12,57,49,8,53.68,46.78,6.9
2022/23,Bundesliga,7,Eintracht Frankfurt,50,34,13,11,10,58,52,6,53.2,44.53,8.67
2022/23,Bundesliga,8,Wolfsburg,49,34,13,10,11,57,48,9,51.21,52.1,-0.89
2022/23,Bundesliga,9,Mainz 05,46,34,12,10,12,54,55,-1,50.49,54.86,-4.37
2022/23,Bundesliga,10,Borussia M.Gladbach,43,34,11,10,13,52,55,-3,52.84,59.04,-6.21
2022/23,Bundesliga,11,FC Cologne,42,34,10,12,12,49,54,-5,51.04,42.07,8.97
2022/23,Bundesliga,12,Hoffenheim,36,34,10,6,18,48,57,-9,47.31,52.84,-5.53
2022/23,Bundesliga,13,Werder Bremen,36,34,10,6,18,51,64,-13,42.91,57.85,-14.94
2022/23,Bundesliga,14,Bochum,35,34,10,5,19,40,72,-32,40.08,69.44,-29.36
2022/23,Bundesliga,15,Augsburg,34,34,9,7,18,42,63,-21,36.03,65.07,-29.05
2022/23,Bundesliga,16,VfB Stuttgart,33,34,7,12,15,45,57,-12,49.15,48.31,0.84
2022/23,Bundesliga,17,Schalke 04,31,34,7,10,17,35,71,-36,40.54,61.53,-20.99
2022/23,Bundesliga,18,Hertha Berlin,29,34,7,8,19,42,69,-27,41.44,62.42,-20.98
2023/24,Bundesliga,1,Bayer Leverkusen,90,34,28,6,0,89,24,65,82.01,32.43,49.58
2023/24,Bundesliga,2,VfB Stuttgart,73,34,23,4,7,78,39,39,78.99,42.5,36.49
2023/24,Bundesliga,3,Bayern Munich,72,34,23,3,8,94,45,49,94.4,35.22,59.18
2023/24,Bundesliga,4,RasenBallsport Leipzig,65,34,19,8,7,77,39,38,72.63,43.25,29.37
2023/24,Bundesliga,5,Borussia Dortmund,63,34,18,9,7,68,43,25,71.16,55.27,15.89
2023/24,Bundesliga,6,Eintracht Frankfurt,47,34,11,14,9,51,50,1,51.64,55.25,-3.62
2023/24,Bundesliga,7,Hoffenheim,46,34,13,7,14,66,66,0,56.25,66.42,-10.18
2023/24,Bundesliga,8,FC Heidenheim,42,34,10,12,12,50,55,-5,42.58,66.09,-23.52
2023/24,Bundesliga,9,Werder Bremen,42,34,11,9,14,48,54,-6,47.1,61.1,-13.99
2023/24,Bundesliga,10,Freiburg,42,34,11,9,14,45,58,-13,52.5,58.56,-6.06
2023/24,Bundesliga,11,Augsburg,39,34,10,9,15,50,60,-10,49.12,62.3,-13.19
2023/24,Bundesliga,12,Wolfsburg,37,34,10,7,17,41,56,-15,44.0,49.87,-5.87
2023/24,Bundesliga,13,Mainz 05,35,34,7,14,13,39,51,-12,51.68,50.51,1.16
2023/24,Bundesliga,14,Borussia M.Gladbach,34,34,7,13,14,56,67,-11,51.81,62.5,-10.69
2023/24,Bundesliga,15,Union Berlin,33,34,9,6,19,33,58,-25,44.74,56.56,-11.82
2023/24,Bundesliga,16,Bochum,33,34,7,12,15,42,74,-32,51.44,70.18,-18.74
2023/24,Bundesliga,17,FC Cologne,27,34,5,12,17,28,60,-32,44.34,71.81,-27.47
2023/24,Bundesliga,18,Darmstadt,17,34,3,8,23,30,86,-56,34.56,81.12,-46.55
2015/16,Serie A,1,Juventus,91,38,29,4,5,75,20,55,62.99,23.0,39.99
2015/16,Serie A,2,Napoli,82,38,25,7,6,80,32,48,69.53,26.69,42.84
2015/16,Serie A,3,Roma,80,38,23,11,4,83,41,42,64.43,39.79,24.64
2015/16,Serie A,4,Inter,67,38,20,7,11,50,38,12,54.3,44.25,10.05
2015/16,Serie A,5,Fiorentina,64,38,18,10,10,60,42,18,53.19,36.22,16.98
2015/16,Serie A,6,Sassuolo,61,38,16,13,9,49,40,9,47.32,42.93,4.39
2015/16,Serie A,7,AC Milan,57,38,15,12,11,49,43,6,53.91,40.91,13.0
2015/16,Serie A,8,Lazio,54,38,15,9,14,52,52,0,55.21,43.58,11.63
2015/16,Serie A,9,Chievo,50,38,13,11,14,43,45,-2,40.59,51.09,-10.5
2015/16,Serie A,10,Genoa,46,38,13,7,18,45,48,-3,45.29,48.63,-3.34
2015/16,Serie A,11,Empoli,46,38,12,10,16,40,49,-9,37.84,47.51,-9.67
2015/16,Serie A,12,Torino,45,38,12,9,17,52,55,-3,49.42,41.29,8.13
2015/16,Serie A,13,Atalanta,45,38,11,12,15,41,47,-6,46.08,51.41,-5.33
2015/16,Serie A,14,Bologna,42,38,11,9,18,33,45,-12,35.48,51.84,-16.36
2015/16,Serie A,15,Sampdoria,40,38,10,10,18,48,61,-13,40.53,66.19,-25.67
2015/16,Serie A,16,Udinese,39,38,10,9,19,35,60,-25,46.31,51.42,-5.11
2015/16,Serie A,17,Palermo,39,38,10,9,19,38,65,-27,36.55,61.84,-25.29
2015/16,Serie A,18,Carpi,38,38,9,11,18,37,57,-20,43.37,51.8,-8.42
2015/16,Serie A,19,Frosinone,31,38,8,7,23,35,76,-41,33.84,74.23,-40.39
2015/16,Serie A,20,Verona,28,38,5,13,20,34,63,-29,40.17,61.71,-21.54
2016/17,Serie A,1,Juventus,91,38,29,4,5,77,27,50,68.74,23.6,45.14
2016/17,Serie A,2,Roma,87,38,28,3,7,90,38,52,83.0,41.08,41.92
2016/17,Serie A,3,Napoli,86,38,26,8,4,94,39,55,77.51,32.16,45.35
2016/17,Serie A,4,Atalanta,72,38,21,9,8,62,41,21,61.39,34.35,27.04
2016/17,Serie A,5,Lazio,70,38,21,7,10,74,51,23,65.39,41.77,23.62
2016/17,Serie A,6,AC Milan,63,38,18,9,11,57,45,12,59.67,50.21,9.47
2016/17,Serie A,7,Inter,62,38,19,5,14,72,49,23,68.76,44.78,23.98
2016/17,Serie A,8,Fiorentina,60,38,16,12,10,63,57,6,55.14,53.3,1.83
2016/17,Serie A,9,Torino,53,38,13,14,11,71,66,5,57.4,61.72,-4.32
2016/17,Serie A,10,Sassuolo,49,38,14,7,17,60,61,-1,50.57,61.9,-11.34
2016/17,Serie A,11,Sampdoria,48,38,12,12,14,49,55,-6,46.17,56.86,-10.68
2016/17,Serie A,12,Cagliari,47,38,14,5,19,55,76,-21,42.42,68.32,-25.89
2016/17,Serie A,13,Udinese,45,38,12,9,17,47,56,-9,44.94,54.66,-9.72
2016/17,Serie A,14,Chievo,43,38,12,7,19,43,61,-18,42.74,55.01,-12.27
2016/17,Serie A,15,Bologna,41,38,11,8,19,40,58,-18,36.51,58.3,-21.79
2016/17,Serie A,16,Genoa,36,38,9,9,20,38,64,-26,45.2,51.25,-6.05
2016/17,Serie A,17,Crotone,34,38,9,7,22,34,58,-24,34.17,61.23,-27.06
2016/17,Serie A,18,Empoli,32,38,8,8,22,29,61,-32,35.09,67.01,-31.92
2016/17,Serie A,19,Palermo,26,38,6,8,24,33,77,-44,28.92,60.94,-32.03
2016/17,Serie A,20,Pescara,15,38,2,9,27,35,83,-48,43.12,68.41,-25.29
2017/18,Serie A,1,Juventus,95,38,30,5,3,86,24,62,59.23,28.58,30.65
2017/18,Serie A,2,Napoli,91,38,28,7,3,77,29,48,70.45,25.27,45.19
2017/18,Serie A,3,Roma,77,38,23,8,7,61,28,33,65.63,38.46,27.16
2017/18,Serie A,4,Lazio,72,38,21,9,8,89,49,40,66.51,42.57,23.94
2017/18,Serie A,5,Inter,72,38,20,12,6,66,30,36,60.83,37.33,23.5
2017/18,Serie A,6,AC Milan,64,38,18,10,10,56,42,14,50.88,36.78,14.1
2017/18,Serie A,7,Atalanta,60,38,16,12,10,57,39,18,64.29,36.5,27.79
2017/18,Serie A,8,Fiorentina,57,38,16,9,13,54,46,8,54.12,42.15,11.97
2017/18,Serie A,9,Torino,54,38,13,15,10,54,46,8,46.59,49.11,-2.52
2017/18,Serie A,10,Sampdoria,54,38,16,6,16,56,60,-4,53.14,62.26,-9.12
2017/18,Serie A,11,Sassuolo,43,38,11,10,17,29,59,-30,47.15,50.63,-3.48
2017/18,Serie A,12,Genoa,41,38,11,8,19,33,43,-10,42.21,42.87,-0.66
2017/18,Serie A,13,Udinese,40,38,12,4,22,48,63,-15,45.17,50.63,-5.46
2017/18,Serie A,14,Chievo,40,38,10,10,18,36,59,-23,34.34,55.26,-20.91
2017/18,Serie A,15,Bologna,39,38,11,6,21,40,52,-12,36.11,48.8,-12.69
2017/18,Serie A,16,Cagliari,39,38,11,6,21,33,61,-28,38.27,57.91,-19.64
2017/18,Serie A,17,SPAL 2013,38,38,8,14,16,39,59,-20,34.61,60.18,-25.56
2017/18,Serie A,18,Crotone,35,38,9,8,21,40,66,-26,33.24,59.43,-26.19
2017/18,Serie A,19,Verona,25,38,7,4,27,30,78,-48,33.76,72.71,-38.95
2017/18,Serie A,20,Benevento,21,38,6,3,29,33,84,-51,38.21,77.31,-39.11
2018/19,Serie A,1,Juventus,90,38,28,6,4,70,30,40,64.53,35.03,29.5
2018/19,Serie A,2,Napoli,79,38,24,7,7,74,36,38,68.24,36.5,31.74
2018/19,Serie A,3,Atalanta,69,38,20,9,9,77,46,31,74.43,41.85,32.58
2018/19,Serie A,4,Inter,69,38,20,9,9,57,33,24,66.47,38.4,28.07
2018/19,Serie A,5,AC Milan,68,38,19,11,8,55,36,19,52.16,41.7,10.46
2018/19,Serie A,6,Roma,66,38,18,12,8,66,48,18,68.39,52.79,15.6
2018/19,Serie A,7,Torino,63,38,16,15,7,52,37,15,46.47,48.94,-2.47
2018/19,Serie A,8,Lazio,59,38,17,8,13,56,46,10,61.27,46.45,14.82
2018/19,Serie A,9,Sampdoria,53,38,15,8,15,60,51,9,53.19,54.27,-1.08
2018/19,Serie A,10,Bologna,44,38,11,11,16,48,56,-8,48.1,51.06,-2.95
2018/19,Serie A,11,Sassuolo,43,38,9,16,13,53,60,-7,49.75,61.11,-11.35
2018/19,Serie A,12,Udinese,43,38,11,10,17,39,53,-14,42.49,62.23,-19.75
2018/19,Serie A,13,SPAL 2013,42,38,11,9,18,44,56,-12,43.28,54.01,-10.73
2018/19,Serie A,14,Fiorentina,41,38,8,17,13,47,45,2,54.12,44.08,10.04
2018/19,Serie A,15,Cagliari,41,38,10,11,17,36,54,-18,40.94,63.74,-22.8
2018/19,Serie A,16,Parma Calcio 1913,41,38,10,11,17,41,61,-20,41.1,64.98,-23.88
2018/19,Serie A,17,Genoa,38,38,8,14,16,39,57,-18,44.54,56.35,-11.82
2018/19,Serie A,18,Empoli,38,38,10,8,20,51,70,-19,52.06,63.33,-11.27
2018/19,Serie A,19,Frosinone,25,38,5,10,23,29,69,-40,36.1,64.59,-28.49
2018/19,Serie A,20,Chievo,20,38,2,14,22,25,75,-50,36.48,62.69,-26.22
2019/20,Serie A,1,Juventus,83,38,26,5,7,76,43,33,73.77,41.0,32.78
2019/20,Serie A,2,Inter,82,38,24,10,4,81,36,45,73.95,39.36,34.6
2019/20,Serie A,3,Atalanta,78,38,23,9,6,98,48,50,86.17,41.73,44.45
2019/20,Serie A,4,Lazio,78,38,24,6,8,79,42,37,67.55,52.33,15.22
2019/20,Serie A,5,Roma,70,38,21,7,10,77,51,26,78.32,49.15,29.17
2019/20,Serie A,6,AC Milan,66,38,19,9,10,63,46,17,65.27,46.42,18.85
2019/20,Serie A,7,Napoli,62,38,18,8,12,61,50,11,63.88,43.17,20.7
2019/20,Serie A,8,Sassuolo,51,38,14,9,15,69,63,6,53.42,65.07,-11.65
2019/20,Serie A,9,Fiorentina,49,38,12,13,13,51,48,3,53.49,50.3,3.2
2019/20,Serie A,10,Parma Calcio 1913,49,38,14,7,17,56,57,-1,47.12,64.13,-17.0
2019/20,Serie A,11,Verona,49,38,12,13,13,47,51,-4,52.49,53.95,-1.46
2019/20,Serie A,12,Bologna,47,38,12,11,15,52,65,-13,57.41,54.87,2.54
2019/20,Serie A,13,Cagliari,45,38,11,12,15,52,56,-4,41.92,60.98,-19.06
2019/20,Serie A,14,Udinese,45,38,12,9,17,37,51,-14,43.69,52.54,-8.85
2019/20,Serie A,15,Sampdoria,42,38,12,6,20,48,65,-17,48.92,56.21,-7.3
2019/20,Serie A,16,Torino,40,38,11,7,20,46,68,-22,43.49,63.49,-20.01
2019/20,Serie A,17,Genoa,39,38,10,9,19,47,73,-26,49.89,59.51,-9.62
2019/20,Serie A,18,Lecce,35,38,9,8,21,52,85,-33,53.47,91.97,-38.51
2019/20,Serie A,19,Brescia,25,38,6,7,25,35,79,-44,43.25,78.38,-35.13
2019/20,Serie A,20,SPAL 2013,20,38,5,5,28,27,77,-50,39.07,71.97,-32.9
2020/21,Serie A,1,Inter,91,38,28,7,3,89,35,54,78.35,40.59,37.75
2020/21,Serie A,2,AC Milan,79,38,24,7,7,74,41,33,75.05,48.84,26.21
2020/21,Serie A,3,Atalanta,78,38,23,9,6,90,47,43,82.01,39.94,42.07
2020/21,Serie A,4,Juventus,78,38,23,9,6,77,38,39,83.53,38.33,45.2
2020/21,Serie A,5,Napoli,77,38,24,5,9,86,41,45,74.98,41.88,33.1
2020/21,Serie A,6,Lazio,68,38,21,5,12,61,55,6,58.7,48.84,9.86
2020/21,Serie A,7,Roma,63,38,18,9,11,68,55,13,72.11,50.33,21.78
2020/21,Serie A,8,Sassuolo,62,38,17,11,10,64,56,8,61.61,54.82,6.79
2020/21,Serie A,9,Sampdoria,52,38,15,7,16,52,54,-2,46.7,58.63,-11.92
2020/21,Serie A,10,Verona,43,38,10,13,15,43,48,-5,47.97,52.45,-4.48
2020/21,Serie A,11,Genoa,42,38,10,12,16,47,58,-11,40.71,62.68,-21.97
2020/21,Serie A,12,Bologna,41,38,10,11,17,51,65,-14,57.53,67.59,-10.06
2020/21,Serie A,13,Fiorentina,40,38,9,13,16,47,59,-12,46.2,62.02,-15.82
2020/21,Serie A,14,Udinese,40,38,10,10,18,42,58,-16,48.24,56.38,-8.14
2020/21,Serie A,15,Spezia,39,38,9,12,17,52,72,-20,47.9,70.59,-22.69
2020/21,Serie A,16,Cagliari,37,38,9,10,19,43,59,-16,45.6,65.26,-19.66
2020/21,Serie A,17,Torino,37,38,7,16,15,50,69,-19,49.6,64.22,-14.62
2020/21,Serie A,18,Benevento,33,38,7,12,19,40,75,-35,38.65,70.48,-31.82
2020/21,Serie A,19,Crotone,23,38,6,5,27,45,92,-47,39.64,77.48,-37.84
2020/21,Serie A,20,Parma Calcio 1913,20,38,3,11,24,39,83,-44,42.98,66.69,-23.71
2021/22,Serie A,1,AC Milan,86,38,26,8,4,69,31,38,67.34,34.63,32.71
2021/22,Serie A,2,Inter,84,38,25,9,4,84,32,52,90.38,39.88,50.51
2021/22,Serie A,3,Napoli,79,38,24,7,7,74,31,43,63.64,34.4,29.24
2021/22,Serie A,4,Juventus,70,38,20,10,8,57,37,20,60.83,40.44,20.39
2021/22,Serie A,5,Lazio,64,38,18,10,10,77,58,19,59.29,50.1,9.19
2021/22,Serie A,6,Roma,63,38,18,9,11,59,43,16,66.8,42.05,24.75
2021/22,Serie A,7,Fiorentina,62,38,19,5,14,59,51,8,62.04,45.23,16.81
2021/22,Serie A,8,Atalanta,59,38,16,11,11,65,48,17,68.72,46.6,22.12
2021/22,Serie A,9,Verona,53,38,14,11,13,65,59,6,56.39,52.04,4.35
2021/22,Serie A,10,Torino,50,38,13,11,14,46,41,5,53.75,41.11,12.64
2021/22,Serie A,11,Sassuolo,50,38,13,11,14,64,66,-2,59.36,69.96,-10.6
2021/22,Serie A,12,Udinese,47,38,11,14,13,61,58,3,57.17,54.01,3.16
2021/22,Serie A,13,Bologna,46,38,12,10,16,44,55,-11,45.55,58.05,-12.5
2021/22,Serie A,14,Empoli,41,38,10,11,17,50,70,-20,45.52,74.82,-29.31
2021/22,Serie A,15,Sampdoria,36,38,10,6,22,46,63,-17,39.09,62.11,-23.02
2021/22,Serie A,16,Spezia,36,38,10,6,22,41,71,-30,41.65,69.55,-27.9
2021/22,Serie A,17,Salernitana,31,38,7,10,21,33,78,-45,39.49,71.42,-31.93
2021/22,Serie A,18,Cagliari,30,38,6,12,20,34,68,-34,40.74,68.56,-27.81
2021/22,Serie A,19,Genoa,28,38,4,16,18,27,60,-33,38.53,60.12,-21.59
2021/22,Serie A,20,Venezia,27,38,6,9,23,34,69,-35,36.16,77.36,-41.2
2022/23,Serie A,1,Napoli,90,38,28,6,4,77,28,49,71.73,31.96,39.76
2022/23,Serie A,2,Lazio,74,38,22,8,8,60,30,30,54.31,42.65,11.65
2022/23,Serie A,3,Inter,72,38,23,3,12,71,42,29,71.97,36.05,35.92
2022/23,Serie A,4,Juventus,72,38,22,6,10,56,33,23,59.74,40.98,18.76
2022/23,Serie A,5,AC Milan,70,38,20,10,8,64,43,21,69.9,40.11,29.79
2022/23,Serie A,6,Atalanta,64,38,19,7,12,66,48,18,60.49,45.01,15.48
2022/23,Serie A,7,Roma,63,38,18,9,11,50,38,12,64.02,32.9,31.12
2022/23,Serie A,8,Fiorentina,56,38,15,11,12,53,43,10,56.9,48.92,7.98
2022/23,Serie A,9,Bologna,54,38,14,12,12,53,49,4,45.29,55.54,-10.26
2022/23,Serie A,10,Torino,53,38,14,11,13,42,41,1,47.32,39.99,7.33
2022/23,Serie A,11,Monza,52,38,14,10,14,48,52,-4,44.81,55.26,-10.45
2022/23,Serie A,12,Udinese,46,38,11,13,14,47,48,-1,47.56,51.3,-3.74
2022/23,Serie A,13,Sassuolo,45,38,12,9,17,47,61,-14,51.5,51.94,-0.43
2022/23,Serie A,14,Empoli,43,38,10,13,15,37,49,-12,41.25,63.94,-22.69
2022/23,Serie A,15,Salernitana,42,38,9,15,14,48,62,-14,35.44,72.61,-37.17
2022/23,Serie A,16,Lecce,36,38,8,12,18,33,46,-13,36.93,43.47,-6.54
2022/23,Serie A,17,Verona,31,38,7,10,21,31,59,-28,37.27,52.83,-15.56
2022/23,Serie A,18,Spezia,31,38,6,13,19,31,62,-31,40.64,63.82,-23.18
2022/23,Serie A,19,Cremonese,27,38,5,12,21,36,69,-33,36.59,69.55,-32.96
2022/23,Serie A,20,Sampdoria,19,38,3,10,25,24,71,-47,35.1,69.92,-34.81
2023/24,Serie A,1,Inter,94,38,29,7,2,89,22,67,85.83,33.39,52.44
2023/24,Serie A,2,AC Milan,75,38,22,9,7,76,49,27,71.86,47.73,24.12
2023/24,Serie A,3,Juventus,71,38,19,14,5,54,31,23,63.48,31.77,31.71
2023/24,Serie A,4,Atalanta,69,38,21,6,11,72,42,30,68.47,44.31,24.16
2023/24,Serie A,5,Bologna,68,38,18,14,6,54,32,22,54.03,39.7,14.33
2023/24,Serie A,6,Roma,63,38,18,9,11,65,46,19,56.92,47.03,9.89
2023/24,Serie A,7,Lazio,61,38,18,7,13,49,39,10,51.39,45.26,6.13
2023/24,Serie A,8,Fiorentina,60,38,17,9,12,61,46,15,58.11,54.97,3.14
2023/24,Serie A,9,Napoli,53,38,13,14,11,55,48,7,68.49,41.89,26.6
2023/24,Serie A,10,Torino,53,38,13,14,11,36,36,0,43.29,38.76,4.53
2023/24,Serie A,11,Genoa,49,38,12,13,13,45,45,0,38.69,47.77,-9.08
2023/24,Serie A,12,Monza,45,38,11,12,15,39,51,-12,45.55,63.83,-18.27
2023/24,Serie A,13,Verona,38,38,9,11,18,38,51,-13,38.46,58.52,-20.06
2023/24,Serie A,14,Lecce,38,38,8,14,16,32,54,-22,47.62,65.39,-17.77
2023/24,Serie A,15,Udinese,37,38,6,19,13,37,53,-16,44.88,53.15,-8.27
2023/24,Serie A,16,Empoli,36,38,9,9,20,29,54,-25,38.06,58.71,-20.65
2023/24,Serie A,17,Cagliari,36,38,8,12,18,42,68,-26,45.44,62.56,-17.13
2023/24,Serie A,18,Frosinone,35,38,8,11,19,44,69,-25,50.2,65.05,-14.85
2023/24,Serie A,19,Sassuolo,30,38,7,9,22,43,75,-32,43.53,66.92,-23.4
2023/24,Serie A,20,Salernitana,17,38,2,11,25,32,81,-49,31.45,79.03,-47.58
2015/16,Ligue 1,1,Paris Saint Germain,96,38,30,6,2,102,19,83,86.2,24.37,61.84
2015/16,Ligue 1,2,Lyon,65,38,19,8,11,67,43,24,63.01,38.01,25.0
2015/16,Ligue 1,3,Monaco,65,38,17,14,7,57,50,7,58.13,48.81,9.32
2015/16,Ligue 1,4,Nice,63,38,18,9,11,58,41,17,45.23,47.71,-2.48
2015/16,Ligue 1,5,Lille,60,38,15,15,8,39,27,12,41.69,35.79,5.9
2015/16,Ligue 1,6,Saint-Etienne,58,38,17,7,14,42,37,5,45.46,44.66,0.8
2015/16,Ligue 1,7,Caen,54,38,16,6,16,39,52,-13,43.9,49.69,-5.79
2015/16,Ligue 1,8,Rennes,52,38,13,13,12,52,54,-2,42.91,47.02,-4.12
2015/16,Ligue 1,9,Angers,50,38,13,11,14,40,38,2,36.58,41.02,-4.44
2015/16,Ligue 1,10,SC Bastia,50,38,14,8,16,36,42,-6,29.51,48.36,-18.84
2015/16,Ligue 1,11,Bordeaux,50,38,12,14,12,50,57,-7,46.36,48.67,-2.31
2015/16,Ligue 1,12,Montpellier,49,38,14,7,17,49,47,2,43.14,44.33,-1.19
2015/16,Ligue 1,13,Marseille,48,38,10,18,10,48,42,6,48.89,42.67,6.22
2015/16,Ligue 1,14,Nantes,48,38,12,12,14,33,44,-11,36.4,42.44,-6.04
2015/16,Ligue 1,15,Lorient,46,38,11,13,14,47,58,-11,42.31,52.31,-10.0
2015/16,Ligue 1,16,Guingamp,44,38,11,11,16,47,56,-9,41.35,46.27,-4.92
2015/16,Ligue 1,17,Toulouse,40,38,9,13,16,45,55,-10,50.33,39.8,10.53
2015/16,Ligue 1,18,Reims,39,38,10,9,19,44,57,-13,42.87,52.92,-10.05
2015/16,Ligue 1,19,GFC Ajaccio,37,38,8,13,17,37,58,-21,32.52,45.26,-12.74
2015/16,Ligue 1,20,Troyes,18,38,3,9,26,28,83,-55,36.59,73.28,-36.69
2016/17,Ligue 1,1,Monaco,95,38,30,5,3,107,31,76,76.04,34.89,41.14
2016/17,Ligue 1,2,Paris Saint Germain,87,38,27,6,5,83,27,56,82.16,24.25,57.91
2016/17,Ligue 1,3,Nice,78,38,22,12,4,63,36,27,51.54,50.89,0.65
2016/17,Ligue 1,4,Lyon,67,38,21,4,13,80,48,32,71.13,41.03,30.1
2016/17,Ligue 1,5,Marseille,62,38,17,11,10,57,41,16,53.83,47.33,6.5
2016/17,Ligue 1,6,Bordeaux,59,38,15,14,9,53,43,10,52.02,44.11,7.91
2016/17,Ligue 1,7,Nantes,51,38,14,9,15,40,54,-14,42.99,44.62,-1.64
2016/17,Ligue 1,8,Saint-Etienne,50,38,12,14,12,41,42,-1,42.92,50.26,-7.35
2016/17,Ligue 1,9,Rennes,50,38,12,14,12,36,42,-6,41.81,43.54,-1.73
2016/17,Ligue 1,10,Guingamp,50,38,14,8,16,46,53,-7,47.14,52.31,-5.17
2016/17,Ligue 1,11,Lille,46,38,13,7,18,40,47,-7,44.08,48.77,-4.69
2016/17,Ligue 1,12,Angers,46,38,13,7,18,40,49,-9,46.19,41.02,5.18
2016/17,Ligue 1,13,Toulouse,44,38,10,14,14,37,41,-4,41.19,42.98,-1.79
2016/17,Ligue 1,14,Metz,43,38,11,10,17,39,72,-33,34.76,63.68,-28.92
2016/17,Ligue 1,15,Montpellier,39,38,10,9,19,48,66,-18,44.2,52.03,-7.83
2016/17,Ligue 1,16,Dijon,37,38,8,13,17,46,58,-12,38.59,62.66,-24.07
2016/17,Ligue 1,17,Caen,37,38,10,7,21,36,65,-29,45.28,56.47,-11.19
2016/17,Ligue 1,18,Lorient,36,38,10,6,22,44,70,-26,44.46,51.88,-7.42
2016/17,Ligue 1,19,Nancy,35,38,9,8,21,29,52,-23,32.58,54.45,-21.87
2016/17,Ligue 1,20,SC Bastia,34,38,8,10,20,29,57,-28,32.27,58.01,-25.74
2017/18,Ligue 1,1,Paris Saint Germain,93,38,29,6,3,108,29,79,89.92,32.1,57.83
2017/18,Ligue 1,2,Monaco,80,38,24,8,6,85,45,40,62.41,45.27,17.14
2017/18,Ligue 1,3,Lyon,78,38,23,9,6,87,43,44,65.27,37.09,28.18
2017/18,Ligue 1,4,Marseille,77,38,22,11,5,80,47,33,82.2,41.17,41.03
2017/18,Ligue 1,5,Rennes,58,38,16,10,12,50,44,6,46.97,49.14,-2.17
2017/18,Ligue 1,6,Bordeaux,55,38,16,7,15,53,48,5,52.56,41.38,11.18
2017/18,Ligue 1,7,Saint-Etienne,55,38,15,10,13,47,50,-3,51.03,53.26,-2.23
2017/18,Ligue 1,8,Nice,54,38,15,9,14,53,52,1,47.36,45.9,1.46
2017/18,Ligue 1,9,Nantes,52,38,14,10,14,36,41,-5,39.8,36.26,3.54
2017/18,Ligue 1,10,Montpellier,51,38,11,18,9,36,33,3,39.81,37.93,1.88
2017/18,Ligue 1,11,Dijon,48,38,13,9,16,55,73,-18,40.03,62.95,-22.92
2017/18,Ligue 1,12,Guingamp,47,38,12,11,15,48,59,-11,41.86,50.51,-8.65
2017/18,Ligue 1,13,Amiens,45,38,12,9,17,37,42,-5,31.47,51.7,-20.23
2017/18,Ligue 1,14,Angers,41,38,9,14,15,42,52,-10,46.15,45.19,0.96
2017/18,Ligue 1,15,Strasbourg,38,38,9,11,18,44,67,-23,43.27,58.33,-15.06
2017/18,Ligue 1,16,Caen,38,38,10,8,20,27,52,-25,41.17,47.83,-6.65
2017/18,Ligue 1,17,Lille,38,38,10,8,20,41,67,-26,36.13,59.37,-23.24
2017/18,Ligue 1,18,Toulouse,37,38,9,10,19,38,54,-16,43.29,54.45,-11.16
2017/18,Ligue 1,19,Troyes,33,38,9,6,23,32,59,-27,37.13,52.47,-15.34
2017/18,Ligue 1,20,Metz,26,38,6,8,24,34,76,-42,36.4,71.93,-35.53
2018/19,Ligue 1,1,Paris Saint Germain,91,38,29,4,5,105,35,70,95.34,36.78,58.56
2018/19,Ligue 1,2,Lille,75,38,22,9,7,68,33,35,60.01,39.85,20.16
2018/19,Ligue 1,3,Lyon,72,38,21,9,8,70,47,23,72.71,44.71,28.01
2018/19,Ligue 1,4,Saint-Etienne,66,38,19,9,10,59,41,18,57.85,48.81,9.04
2018/19,Ligue 1,5,Marseille,61,38,18,7,13,60,52,8,52.08,44.59,7.49
2018/19,Ligue 1,6,Montpellier,59,38,15,14,9,53,42,11,46.62,41.26,5.36
2018/19,Ligue 1,7,Nice,56,38,15,11,12,30,35,-5,43.45,49.73,-6.28
2018/19,Ligue 1,8,Reims,55,38,13,16,9,39,42,-3,37.12,42.28,-5.16
2018/19,Ligue 1,9,Nimes,53,38,15,8,15,57,58,-1,48.5,55.47,-6.97
2018/19,Ligue 1,10,Rennes,52,38,13,13,12,55,52,3,56.05,46.19,9.86
2018/19,Ligue 1,11,Strasbourg,49,38,11,16,11,58,48,10,40.59,48.51,-7.92
2018/19,Ligue 1,12,Nantes,48,38,13,9,16,48,48,0,48.04,47.3,0.74
2018/19,Ligue 1,13,Angers,46,38,10,16,12,44,49,-5,47.5,46.31,1.19
2018/19,Ligue 1,14,Bordeaux,41,38,10,11,17,34,42,-8,37.27,52.19,-14.92
2018/19,Ligue 1,15,Amiens,38,38,9,11,18,31,52,-21,34.63,46.76,-12.12
2018/19,Ligue 1,16,Toulouse,38,38,8,14,16,35,57,-22,42.73,56.42,-13.69
2018/19,Ligue 1,17,Monaco,36,38,8,12,18,38,57,-19,46.49,48.76,-2.27
2018/19,Ligue 1,18,Dijon,34,38,9,7,22,31,60,-29,36.13,57.61,-21.48
2018/19,Ligue 1,19,Caen,33,38,7,12,19,29,54,-25,26.97,61.09,-34.11
2018/19,Ligue 1,20,Guingamp,27,38,5,12,21,28,68,-40,39.46,54.94,-15.48
2019/20,Ligue 1,1,Paris Saint Germain,68,27,22,2,3,75,24,51,76.42,22.43,53.98
2019/20,Ligue 1,2,Marseille,56,28,16,8,4,41,29,12,36.42,32.05,4.38
2019/20,Ligue 1,3,Rennes,50,28,15,5,8,38,24,14,34.37,28.15,6.22
2019/20,Ligue 1,4,Lille,49,28,15,4,9,35,27,8,40.81,30.17,10.64
2019/20,Ligue 1,5,Reims,41,28,10,11,7,26,21,5,28.93,26.47,2.46
2019/20,Ligue 1,6,Nice,41,28,11,8,9,41,38,3,36.45,42.69,-6.24
2019/20,Ligue 1,7,Lyon,40,28,11,7,10,42,27,15,36.24,24.73,11.52
2019/20,Ligue 1,8,Montpellier,40,28,11,7,10,35,34,1,34.95,32.26,2.69
2019/20,Ligue 1,9,Monaco,40,28,11,7,10,44,44,0,48.55,41.06,7.49
2019/20,Ligue 1,10,Angers,39,28,11,6,11,28,33,-5,27.1,28.15,-1.04
2019/20,Ligue 1,11,Strasbourg,38,27,11,5,11,32,32,0,34.56,33.46,1.09
2019/20,Ligue 1,12,Bordeaux,37,28,9,10,9,40,34,6,30.47,35.2,-4.73
2019/20,Ligue 1,13,Nantes,37,28,11,4,13,28,31,-3,27.81,30.26,-2.45
2019/20,Ligue 1,14,Brest,34,28,8,10,10,34,37,-3,30.05,44.11,-14.06
2019/20,Ligue 1,15,Metz,34,28,8,10,10,27,35,-8,24.65,36.54,-11.89
2019/20,Ligue 1,16,Dijon,30,28,7,9,12,27,37,-10,27.38,39.3,-11.92
2019/20,Ligue 1,17,Saint-Etienne,30,28,8,6,14,29,45,-16,29.65,37.73,-8.07
2019/20,Ligue 1,18,Nimes,27,28,7,6,15,29,44,-15,30.19,40.47,-10.28
2019/20,Ligue 1,19,Amiens,23,28,4,11,13,31,50,-19,25.62,38.43,-12.81
2019/20,Ligue 1,20,Toulouse,13,28,3,4,21,22,58,-36,31.29,48.28,-16.98
2020/21,Ligue 1,1,Lille,83,38,24,11,3,64,23,41,48.07,25.68,22.39
2020/21,Ligue 1,2,Paris Saint Germain,82,38,26,4,8,86,28,58,83.89,36.85,47.04
2020/21,Ligue 1,3,Monaco,78,38,24,6,8,76,42,34,70.35,33.95,36.4
2020/21,Ligue 1,4,Lyon,76,38,22,10,6,81,43,38,82.37,38.42,43.95
2020/21,Ligue 1,5,Marseille,60,38,16,12,10,54,47,7,49.29,46.49,2.8
2020/21,Ligue 1,6,Rennes,58,38,16,10,12,52,40,12,46.75,36.06,10.69
2020/21,Ligue 1,7,Lens,57,38,15,12,11,55,54,1,56.36,46.41,9.95
2020/21,Ligue 1,8,Montpellier,54,38,14,12,12,60,62,-2,52.27,67.22,-14.95
2020/21,Ligue 1,9,Nice,52,38,15,7,16,50,53,-3,46.37,56.18,-9.82
2020/21,Ligue 1,10,Metz,47,38,12,11,15,44,48,-4,42.26,48.4,-6.14
2020/21,Ligue 1,11,Saint-Etienne,46,38,12,10,16,42,54,-12,47.28,49.15,-1.87
2020/21,Ligue 1,12,Bordeaux,45,38,13,6,19,42,56,-14,43.55,54.87,-11.32
2020/21,Ligue 1,13,Angers,44,38,12,8,18,40,58,-18,39.92,52.81,-12.9
2020/21,Ligue 1,14,Reims,42,38,9,15,14,42,50,-8,33.23,61.79,-28.56
2020/21,Ligue 1,15,Strasbourg,42,38,11,9,18,49,58,-9,52.78,50.22,2.56
2020/21,Ligue 1,16,Lorient,42,38,11,9,18,50,68,-18,48.15,52.48,-4.32
2020/21,Ligue 1,17,Brest,41,38,11,8,19,50,66,-16,45.77,58.02,-12.24
2020/21,Ligue 1,18,Nantes,40,38,9,13,16,47,55,-8,48.27,54.89,-6.62
2020/21,Ligue 1,19,Nimes,35,38,9,8,21,40,71,-31,41.39,64.17,-22.78
2020/21,Ligue 1,20,Dijon,21,38,4,9,25,25,73,-48,31.85,76.12,-44.27
2021/22,Ligue 1,1,Paris Saint Germain,86,38,26,8,4,90,36,54,82.34,38.0,44.33
2021/22,Ligue 1,2,Marseille,71,38,21,8,9,63,38,25,59.87,42.79,17.08
2021/22,Ligue 1,3,Monaco,69,38,20,9,9,65,40,25,63.58,42.51,21.07
2021/22,Ligue 1,4,Nice,67,38,20,7,11,52,36,16,59.6,44.95,14.65
2021/22,Ligue 1,5,Rennes,66,38,20,6,12,82,40,42,68.24,43.77,24.47
2021/22,Ligue 1,6,Strasbourg,63,38,17,12,9,60,43,17,61.2,44.68,16.52
2021/22,Ligue 1,7,Lyon,62,38,17,11,10,66,51,15,73.32,54.69,18.63
2021/22,Ligue 1,8,Lens,62,38,17,11,10,62,48,14,52.24,43.7,8.54
2021/22,Ligue 1,9,Nantes,55,38,15,10,13,55,48,7,45.77,53.53,-7.76
2021/22,Ligue 1,10,Lille,55,38,14,13,11,48,48,0,56.39,36.97,19.42
2021/22,Ligue 1,11,Brest,48,38,13,9,16,49,57,-8,44.85,60.57,-15.72
2021/22,Ligue 1,12,Reims,46,38,11,13,14,43,44,-1,40.01,47.79,-7.79
2021/22,Ligue 1,13,Montpellier,43,38,12,7,19,49,61,-12,42.47,57.5,-15.04
2021/22,Ligue 1,14,Angers,41,38,10,11,17,44,55,-11,45.21,51.69,-6.48
2021/22,Ligue 1,15,Troyes,38,38,9,11,18,37,53,-16,39.66,52.99,-13.33
2021/22,Ligue 1,16,Lorient,36,38,8,12,18,35,63,-28,39.32,54.5,-15.18
2021/22,Ligue 1,17,Clermont Foot,36,38,9,9,20,38,69,-31,42.07,55.85,-13.78
2021/22,Ligue 1,18,Saint-Etienne,32,38,7,11,20,42,77,-35,40.18,64.76,-24.58
2021/22,Ligue 1,19,Metz,31,38,6,13,19,35,69,-34,30.15,71.65,-41.5
2021/22,Ligue 1,20,Bordeaux,31,38,6,13,19,52,91,-39,46.28,69.82,-23.54
2022/23,Ligue 1,1,Paris Saint Germain,85,38,27,4,7,89,40,49,86.15,47.11,39.04
2022/23,Ligue 1,2,Lens,84,38,25,9,4,68,29,39,69.93,44.56,25.37
2022/23,Ligue 1,3,Marseille,73,38,22,7,9,67,40,27,72.94,45.3,27.64
2022/23,Ligue 1,4,Rennes,68,38,21,5,12,69,39,30,64.24,43.14,21.1
2022/23,Ligue 1,5,Lille,67,38,19,10,9,65,44,21,74.23,42.0,32.23
2022/23,Ligue 1,6,Monaco,65,38,19,8,11,70,58,12,65.36,56.14,9.22
2022/23,Ligue 1,7,Lyon,62,38,18,8,12,65,47,18,69.79,50.74,19.04
2022/23,Ligue 1,8,Clermont Foot,59,38,17,8,13,45,49,-4,49.65,59.44,-9.79
2022/23,Ligue 1,9,Nice,58,38,15,13,10,48,37,11,59.22,44.16,15.07
2022/23,Ligue 1,10,Lorient,55,38,15,10,13,52,53,-1,47.35,60.97,-13.63
2022/23,Ligue 1,11,Reims,51,38,12,15,11,45,45,0,59.52,54.97,4.56
2022/23,Ligue 1,12,Montpellier,50,38,15,5,18,65,62,3,52.56,67.25,-14.7
2022/23,Ligue 1,13,Toulouse,48,38,13,9,16,51,57,-6,59.77,59.33,0.44
2022/23,Ligue 1,14,Brest,44,38,11,11,16,44,54,-10,41.4,58.09,-16.69
2022/23,Ligue 1,15,Strasbourg,40,38,9,13,16,51,59,-8,52.79,55.93,-3.14
2022/23,Ligue 1,16,Nantes,36,38,7,15,16,37,55,-18,44.62,58.41,-13.78
2022/23,Ligue 1,17,Auxerre,35,38,8,11,19,35,63,-28,40.21,65.01,-24.79
2022/23,Ligue 1,18,Ajaccio,26,38,7,5,26,23,74,-51,31.06,56.13,-25.07
2022/23,Ligue 1,19,Troyes,24,38,4,12,22,45,81,-36,36.71,83.79,-47.08
2022/23,Ligue 1,20,Angers,18,38,4,6,28,33,81,-48,41.04,66.07,-25.03
2023/24,Ligue 1,1,Paris Saint Germain,76,34,22,10,2,81,33,48,72.88,45.71,27.17
2023/24,Ligue 1,2,Monaco,67,34,20,7,7,68,42,26,65.06,46.27,18.79
2023/24,Ligue 1,3,Brest,61,34,17,10,7,53,34,19,51.95,40.68,11.27
2023/24,Ligue 1,4,Lille,59,34,16,11,7,52,34,18,55.32,40.57,14.75
2023/24,Ligue 1,5,Nice,55,34,15,10,9,40,29,11,54.81,36.49,18.32
2023/24,Ligue 1,6,Lyon,53,34,16,5,13,49,55,-6,55.28,55.04,0.24
2023/24,Ligue 1,7,Lens,51,34,14,9,11,45,37,8,62.08,49.46,12.62
2023/24,Ligue 1,8,Marseille,50,34,13,11,10,52,41,11,60.03,37.62,22.42
2023/24,Ligue 1,9,Reims,47,34,13,8,13,42,47,-5,47.98,49.95,-1.97
2023/24,Ligue 1,10,Rennes,46,34,12,10,12,53,46,7,56.0,44.19,11.82
2023/24,Ligue 1,11,Toulouse,43,34,11,10,13,42,46,-4,44.85,49.26,-4.41
2023/24,Ligue 1,12,Montpellier,42,34,10,12,12,43,48,-5,50.62,56.84,-6.21
2023/24,Ligue 1,13,Strasbourg,39,34,10,9,15,38,50,-12,42.69,51.22,-8.53
2023/24,Ligue 1,14,Nantes,33,34,9,6,19,30,55,-25,39.44,60.46,-21.02
2023/24,Ligue 1,15,Le Havre,32,34,7,11,16,34,45,-11,39.05,55.3,-16.25
2023/24,Ligue 1,16,Lorient,29,34,7,8,19,43,66,-23,38.96,61.0,-22.04
2023/24,Ligue 1,17,Metz,29,34,8,5,21,35,58,-23,34.37,58.87,-24.5
2023/24,Ligue 1,18,Clermont Foot,25,34,5,10,19,26,60,-34,35.69,68.15,-32.47
